title,genre,rating,director,description,year
Movie 1,"Adventure, Horror",7.4,Director 1,This is the description of Movie 1.,2018
Movie 2,"Horror, Sci-Fi",7.6,Director 2,This is the description of Movie 2.,2015
Movie 3,"Action, Romance",7.0,Director 3,This is the description of Movie 3.,2004
Movie 4,"Sci-Fi, Thriller",7.5,Director 4,This is the description of Movie 4.,2021
Movie 5,Adventure,8.6,Director 5,This is the description of Movie 5.,2013
Movie 6,Comedy,7.3,Director 6,This is the description of Movie 6.,1992
Movie 7,Adventure,8.5,Director 7,This is the description of Movie 7.,2000
Movie 8,Action,7.0,Director 8,This is the description of Movie 8.,1991
Movie 9,"Action, Comedy",6.2,Director 9,This is the description of Movie 9.,2013
Movie 10,"Horror, Thriller",8.9,Director 10,This is the description of Movie 10.,2023
Movie 11,Romance,6.9,Director 11,This is the description of Movie 11.,1996
Movie 12,"Comedy, Adventure",7.6,Director 12,This is the description of Movie 12.,1995
Movie 13,Thriller,6.6,Director 13,This is the description of Movie 13.,1994
Movie 14,"Action, Adventure",6.5,Director 14,This is the description of Movie 14.,2007
Movie 15,Comedy,9.4,Director 15,This is the description of Movie 15.,2001
Movie 16,"Drama, Horror",8.3,Director 16,This is the description of Movie 16.,2013
Movie 17,"Sci-Fi, Drama",6.3,Director 17,This is the description of Movie 17.,1991
Movie 18,Thriller,6.6,Director 18,This is the description of Movie 18.,2017
Movie 19,"Horror, Drama",6.7,Director 19,This is the description of Movie 19.,1998
Movie 20,Thriller,7.0,Director 20,This is the description of Movie 20.,1991
Movie 21,"Romance, Sci-Fi",9.3,Director 21,This is the description of Movie 21.,1994
Movie 22,"Action, Comedy",8.0,Director 22,This is the description of Movie 22.,2021
Movie 23,"Drama, Adventure",8.9,Director 23,This is the description of Movie 23.,1990
Movie 24,"Drama, Romance",8.9,Director 24,This is the description of Movie 24.,2016
Movie 25,"Romance, Drama",6.3,Director 25,This is the description of Movie 25.,2014
Movie 26,Drama,9.0,Director 26,This is the description of Movie 26.,2021
Movie 27,"Thriller, Comedy",8.6,Director 27,This is the description of Movie 27.,2012
Movie 28,Adventure,8.1,Director 28,This is the description of Movie 28.,2020
Movie 29,Horror,7.4,Director 29,This is the description of Movie 29.,2020
Movie 30,"Adventure, Horror",8.0,Director 30,This is the description of Movie 30.,2019
Movie 31,"Thriller, Sci-Fi",6.8,Director 31,This is the description of Movie 31.,1997
Movie 32,Action,8.2,Director 32,This is the description of Movie 32.,1998
Movie 33,"Drama, Sci-Fi",9.1,Director 33,This is the description of Movie 33.,2017
Movie 34,"Romance, Horror",8.7,Director 34,This is the description of Movie 34.,2012
Movie 35,Drama,6.4,Director 35,This is the description of Movie 35.,2004
Movie 36,"Drama, Adventure",6.4,Director 36,This is the description of Movie 36.,1997
Movie 37,Thriller,8.9,Director 37,This is the description of Movie 37.,1999
Movie 38,"Drama, Thriller",6.5,Director 38,This is the description of Movie 38.,1991
Movie 39,"Comedy, Sci-Fi",6.9,Director 39,This is the description of Movie 39.,2011
Movie 40,Comedy,8.8,Director 40,This is the description of Movie 40.,2012
Movie 41,"Sci-Fi, Drama",6.9,Director 41,This is the description of Movie 41.,2016
Movie 42,"Drama, Romance",8.5,Director 42,This is the description of Movie 42.,2011
Movie 43,Horror,6.6,Director 43,This is the description of Movie 43.,2004
Movie 44,"Horror, Action",8.8,Director 44,This is the description of Movie 44.,2005
Movie 45,Adventure,7.1,Director 45,This is the description of Movie 45.,2010
Movie 46,Action,6.4,Director 46,This is the description of Movie 46.,2000
Movie 47,Horror,7.1,Director 47,This is the description of Movie 47.,2004
Movie 48,Comedy,8.7,Director 48,This is the description of Movie 48.,2012
Movie 49,"Thriller, Comedy",8.1,Director 49,This is the description of Movie 49.,2016
Movie 50,"Action, Romance",9.3,Director 0,This is the description of Movie 50.,1998
Movie 51,"Thriller, Sci-Fi",6.8,Director 1,This is the description of Movie 51.,2012
Movie 52,"Horror, Sci-Fi",9.1,Director 2,This is the description of Movie 52.,2018
Movie 53,"Action, Adventure",8.1,Director 3,This is the description of Movie 53.,2020
Movie 54,"Comedy, Action",8.3,Director 4,This is the description of Movie 54.,2012
Movie 55,Comedy,7.6,Director 5,This is the description of Movie 55.,2012
Movie 56,"Adventure, Horror",7.2,Director 6,This is the description of Movie 56.,1998
Movie 57,Horror,6.6,Director 7,This is the description of Movie 57.,2011
Movie 58,"Thriller, Romance",8.8,Director 8,This is the description of Movie 58.,2018
Movie 59,Romance,6.4,Director 9,This is the description of Movie 59.,2003
Movie 60,"Action, Romance",8.5,Director 10,This is the description of Movie 60.,1999
Movie 61,Horror,8.0,Director 11,This is the description of Movie 61.,1991
Movie 62,"Adventure, Thriller",9.4,Director 12,This is the description of Movie 62.,2016
Movie 63,"Drama, Thriller",8.8,Director 13,This is the description of Movie 63.,2013
Movie 64,Horror,6.2,Director 14,This is the description of Movie 64.,2019
Movie 65,Horror,8.6,Director 15,This is the description of Movie 65.,1996
Movie 66,Action,8.0,Director 16,This is the description of Movie 66.,2000
Movie 67,"Comedy, Horror",7.4,Director 17,This is the description of Movie 67.,1994
Movie 68,"Romance, Comedy",9.4,Director 18,This is the description of Movie 68.,2020
Movie 69,Drama,7.7,Director 19,This is the description of Movie 69.,2014
Movie 70,"Romance, Horror",7.1,Director 20,This is the description of Movie 70.,1998
Movie 71,"Adventure, Horror",6.7,Director 21,This is the description of Movie 71.,2009
Movie 72,"Adventure, Drama",9.0,Director 22,This is the description of Movie 72.,1996
Movie 73,Sci-Fi,7.6,Director 23,This is the description of Movie 73.,2015
Movie 74,Adventure,7.1,Director 24,This is the description of Movie 74.,2004
Movie 75,Romance,6.9,Director 25,This is the description of Movie 75.,2019
Movie 76,Adventure,6.3,Director 26,This is the description of Movie 76.,2023
Movie 77,"Adventure, Sci-Fi",9.5,Director 27,This is the description of Movie 77.,2019
Movie 78,"Drama, Horror",8.3,Director 28,This is the description of Movie 78.,2017
Movie 79,"Adventure, Action",8.4,Director 29,This is the description of Movie 79.,2023
Movie 80,Horror,8.7,Director 30,This is the description of Movie 80.,2020
Movie 81,"Romance, Sci-Fi",8.6,Director 31,This is the description of Movie 81.,2016
Movie 82,Thriller,9.1,Director 32,This is the description of Movie 82.,2006
Movie 83,Action,8.1,Director 33,This is the description of Movie 83.,2017
Movie 84,"Adventure, Horror",8.5,Director 34,This is the description of Movie 84.,1991
Movie 85,Comedy,7.7,Director 35,This is the description of Movie 85.,2021
Movie 86,"Adventure, Comedy",6.5,Director 36,This is the description of Movie 86.,2004
Movie 87,"Adventure, Comedy",8.3,Director 37,This is the description of Movie 87.,2007
Movie 88,Adventure,6.5,Director 38,This is the description of Movie 88.,1992
Movie 89,Thriller,9.0,Director 39,This is the description of Movie 89.,1999
Movie 90,"Adventure, Thriller",7.8,Director 40,This is the description of Movie 90.,2008
Movie 91,Adventure,8.0,Director 41,This is the description of Movie 91.,2018
Movie 92,"Comedy, Romance",8.6,Director 42,This is the description of Movie 92.,2001
Movie 93,"Comedy, Horror",7.3,Director 43,This is the description of Movie 93.,1990
Movie 94,"Drama, Horror",7.2,Director 44,This is the description of Movie 94.,2013
Movie 95,"Thriller, Adventure",9.3,Director 45,This is the description of Movie 95.,1993
Movie 96,"Action, Romance",6.3,Director 46,This is the description of Movie 96.,1990
Movie 97,Adventure,8.7,Director 47,This is the description of Movie 97.,2011
Movie 98,Horror,8.7,Director 48,This is the description of Movie 98.,2002
Movie 99,Comedy,7.2,Director 49,This is the description of Movie 99.,2001
Movie 100,Romance,9.1,Director 0,This is the description of Movie 100.,1997
Movie 101,"Sci-Fi, Horror",9.3,Director 1,This is the description of Movie 101.,2000
Movie 102,"Drama, Romance",7.3,Director 2,This is the description of Movie 102.,2002
Movie 103,"Thriller, Action",6.2,Director 3,This is the description of Movie 103.,2018
Movie 104,"Sci-Fi, Horror",8.6,Director 4,This is the description of Movie 104.,2011
Movie 105,Adventure,6.4,Director 5,This is the description of Movie 105.,2006
Movie 106,Comedy,7.6,Director 6,This is the description of Movie 106.,2023
Movie 107,Sci-Fi,7.1,Director 7,This is the description of Movie 107.,2005
Movie 108,Adventure,6.9,Director 8,This is the description of Movie 108.,1994
Movie 109,Horror,6.2,Director 9,This is the description of Movie 109.,1996
Movie 110,"Adventure, Thriller",9.3,Director 10,This is the description of Movie 110.,2006
Movie 111,"Thriller, Adventure",7.4,Director 11,This is the description of Movie 111.,1998
Movie 112,Romance,7.6,Director 12,This is the description of Movie 112.,1998
Movie 113,Sci-Fi,6.8,Director 13,This is the description of Movie 113.,2009
Movie 114,Comedy,6.8,Director 14,This is the description of Movie 114.,2019
Movie 115,Romance,6.8,Director 15,This is the description of Movie 115.,2020
Movie 116,"Horror, Action",6.8,Director 16,This is the description of Movie 116.,2016
Movie 117,Drama,9.3,Director 17,This is the description of Movie 117.,2016
Movie 118,Sci-Fi,9.1,Director 18,This is the description of Movie 118.,2002
Movie 119,Romance,8.0,Director 19,This is the description of Movie 119.,2021
Movie 120,"Horror, Thriller",8.6,Director 20,This is the description of Movie 120.,1991
Movie 121,"Sci-Fi, Thriller",9.4,Director 21,This is the description of Movie 121.,2018
Movie 122,Comedy,8.4,Director 22,This is the description of Movie 122.,2002
Movie 123,Thriller,8.3,Director 23,This is the description of Movie 123.,2000
Movie 124,Thriller,6.9,Director 24,This is the description of Movie 124.,1990
Movie 125,"Sci-Fi, Drama",6.1,Director 25,This is the description of Movie 125.,1998
Movie 126,"Action, Horror",6.8,Director 26,This is the description of Movie 126.,1995
Movie 127,"Adventure, Sci-Fi",8.2,Director 27,This is the description of Movie 127.,1996
Movie 128,"Sci-Fi, Drama",9.5,Director 28,This is the description of Movie 128.,2005
Movie 129,Comedy,7.9,Director 29,This is the description of Movie 129.,2017
Movie 130,Adventure,6.1,Director 30,This is the description of Movie 130.,2016
Movie 131,Action,6.3,Director 31,This is the description of Movie 131.,1994
Movie 132,"Drama, Adventure",9.4,Director 32,This is the description of Movie 132.,2011
Movie 133,"Horror, Drama",7.2,Director 33,This is the description of Movie 133.,1998
Movie 134,"Comedy, Romance",8.0,Director 34,This is the description of Movie 134.,2003
Movie 135,"Action, Thriller",9.0,Director 35,This is the description of Movie 135.,2004
Movie 136,"Action, Sci-Fi",8.6,Director 36,This is the description of Movie 136.,2018
Movie 137,"Comedy, Thriller",6.2,Director 37,This is the description of Movie 137.,2017
Movie 138,"Thriller, Adventure",7.1,Director 38,This is the description of Movie 138.,2021
Movie 139,Horror,7.1,Director 39,This is the description of Movie 139.,2002
Movie 140,Horror,8.1,Director 40,This is the description of Movie 140.,2018
Movie 141,Comedy,8.9,Director 41,This is the description of Movie 141.,2021
Movie 142,Drama,8.8,Director 42,This is the description of Movie 142.,2020
Movie 143,"Sci-Fi, Action",6.4,Director 43,This is the description of Movie 143.,1998
Movie 144,"Thriller, Adventure",8.2,Director 44,This is the description of Movie 144.,2015
Movie 145,Horror,9.3,Director 45,This is the description of Movie 145.,2015
Movie 146,"Horror, Thriller",8.6,Director 46,This is the description of Movie 146.,1996
Movie 147,Adventure,6.4,Director 47,This is the description of Movie 147.,2023
Movie 148,"Comedy, Sci-Fi",8.5,Director 48,This is the description of Movie 148.,1993
Movie 149,"Drama, Adventure",8.3,Director 49,This is the description of Movie 149.,2002
Movie 150,"Romance, Action",7.7,Director 0,This is the description of Movie 150.,2022
Movie 151,Comedy,7.9,Director 1,This is the description of Movie 151.,2023
Movie 152,"Comedy, Action",7.9,Director 2,This is the description of Movie 152.,2015
Movie 153,Thriller,6.5,Director 3,This is the description of Movie 153.,2023
Movie 154,Action,7.3,Director 4,This is the description of Movie 154.,1991
Movie 155,Action,7.9,Director 5,This is the description of Movie 155.,2005
Movie 156,Romance,7.8,Director 6,This is the description of Movie 156.,1998
Movie 157,Sci-Fi,8.7,Director 7,This is the description of Movie 157.,2020
Movie 158,"Thriller, Horror",9.2,Director 8,This is the description of Movie 158.,2020
Movie 159,Horror,7.5,Director 9,This is the description of Movie 159.,2023
Movie 160,"Action, Adventure",7.2,Director 10,This is the description of Movie 160.,2012
Movie 161,"Drama, Adventure",8.0,Director 11,This is the description of Movie 161.,2022
Movie 162,"Comedy, Thriller",7.9,Director 12,This is the description of Movie 162.,2009
Movie 163,Thriller,8.7,Director 13,This is the description of Movie 163.,2005
Movie 164,Thriller,8.3,Director 14,This is the description of Movie 164.,1993
Movie 165,Adventure,6.5,Director 15,This is the description of Movie 165.,1999
Movie 166,Horror,8.6,Director 16,This is the description of Movie 166.,1990
Movie 167,"Romance, Action",9.1,Director 17,This is the description of Movie 167.,2002
Movie 168,"Adventure, Action",7.4,Director 18,This is the description of Movie 168.,2003
Movie 169,"Sci-Fi, Romance",6.1,Director 19,This is the description of Movie 169.,1997
Movie 170,Drama,7.2,Director 20,This is the description of Movie 170.,1996
Movie 171,Adventure,7.6,Director 21,This is the description of Movie 171.,1991
Movie 172,Romance,6.9,Director 22,This is the description of Movie 172.,2017
Movie 173,Horror,8.0,Director 23,This is the description of Movie 173.,1996
Movie 174,"Comedy, Action",8.2,Director 24,This is the description of Movie 174.,2022
Movie 175,Romance,7.2,Director 25,This is the description of Movie 175.,1991
Movie 176,Thriller,9.4,Director 26,This is the description of Movie 176.,2003
Movie 177,Thriller,9.1,Director 27,This is the description of Movie 177.,1990
Movie 178,"Horror, Comedy",8.6,Director 28,This is the description of Movie 178.,2009
Movie 179,Action,9.2,Director 29,This is the description of Movie 179.,2003
Movie 180,Drama,8.8,Director 30,This is the description of Movie 180.,2012
Movie 181,Drama,7.6,Director 31,This is the description of Movie 181.,2013
Movie 182,Romance,9.4,Director 32,This is the description of Movie 182.,1996
Movie 183,Adventure,7.8,Director 33,This is the description of Movie 183.,2010
Movie 184,"Romance, Thriller",8.0,Director 34,This is the description of Movie 184.,1990
Movie 185,Thriller,6.1,Director 35,This is the description of Movie 185.,2014
Movie 186,Horror,6.9,Director 36,This is the description of Movie 186.,2018
Movie 187,Thriller,9.2,Director 37,This is the description of Movie 187.,2008
Movie 188,Horror,9.0,Director 38,This is the description of Movie 188.,2017
Movie 189,"Thriller, Action",7.5,Director 39,This is the description of Movie 189.,2000
Movie 190,Sci-Fi,9.3,Director 40,This is the description of Movie 190.,2020
Movie 191,"Drama, Sci-Fi",8.1,Director 41,This is the description of Movie 191.,2002
Movie 192,Sci-Fi,6.4,Director 42,This is the description of Movie 192.,2009
Movie 193,"Drama, Action",8.6,Director 43,This is the description of Movie 193.,1999
Movie 194,Adventure,9.4,Director 44,This is the description of Movie 194.,1996
Movie 195,"Sci-Fi, Horror",8.2,Director 45,This is the description of Movie 195.,2007
Movie 196,Romance,8.4,Director 46,This is the description of Movie 196.,2003
Movie 197,"Romance, Sci-Fi",7.6,Director 47,This is the description of Movie 197.,1997
Movie 198,Horror,8.1,Director 48,This is the description of Movie 198.,2021
Movie 199,Comedy,6.4,Director 49,This is the description of Movie 199.,2003
Movie 200,Drama,7.7,Director 0,This is the description of Movie 200.,1995
Movie 201,"Drama, Action",8.7,Director 1,This is the description of Movie 201.,1990
Movie 202,Comedy,8.2,Director 2,This is the description of Movie 202.,2005
Movie 203,Sci-Fi,9.1,Director 3,This is the description of Movie 203.,2016
Movie 204,"Sci-Fi, Horror",6.9,Director 4,This is the description of Movie 204.,2022
Movie 205,"Sci-Fi, Horror",8.9,Director 5,This is the description of Movie 205.,2003
Movie 206,"Adventure, Horror",7.0,Director 6,This is the description of Movie 206.,2010
Movie 207,Thriller,9.1,Director 7,This is the description of Movie 207.,2017
Movie 208,"Romance, Adventure",6.1,Director 8,This is the description of Movie 208.,1994
Movie 209,Thriller,6.5,Director 9,This is the description of Movie 209.,2013
Movie 210,Action,8.0,Director 10,This is the description of Movie 210.,1994
Movie 211,"Romance, Action",7.5,Director 11,This is the description of Movie 211.,2019
Movie 212,Thriller,8.1,Director 12,This is the description of Movie 212.,2013
Movie 213,Comedy,6.2,Director 13,This is the description of Movie 213.,1998
Movie 214,Horror,8.9,Director 14,This is the description of Movie 214.,2016
Movie 215,"Comedy, Romance",6.6,Director 15,This is the description of Movie 215.,2023
Movie 216,Thriller,7.7,Director 16,This is the description of Movie 216.,2009
Movie 217,"Thriller, Horror",8.6,Director 17,This is the description of Movie 217.,1994
Movie 218,"Adventure, Thriller",6.6,Director 18,This is the description of Movie 218.,2019
Movie 219,Drama,9.4,Director 19,This is the description of Movie 219.,2011
Movie 220,"Romance, Action",8.5,Director 20,This is the description of Movie 220.,1992
Movie 221,"Thriller, Drama",6.7,Director 21,This is the description of Movie 221.,1992
Movie 222,"Action, Sci-Fi",6.9,Director 22,This is the description of Movie 222.,2005
Movie 223,Comedy,9.3,Director 23,This is the description of Movie 223.,1993
Movie 224,Comedy,8.2,Director 24,This is the description of Movie 224.,2007
Movie 225,"Sci-Fi, Adventure",6.6,Director 25,This is the description of Movie 225.,2004
Movie 226,"Horror, Romance",7.4,Director 26,This is the description of Movie 226.,1999
Movie 227,"Drama, Adventure",8.0,Director 27,This is the description of Movie 227.,2014
Movie 228,Action,8.4,Director 28,This is the description of Movie 228.,2021
Movie 229,Romance,8.9,Director 29,This is the description of Movie 229.,2017
Movie 230,"Drama, Action",8.9,Director 30,This is the description of Movie 230.,1992
Movie 231,"Sci-Fi, Adventure",7.5,Director 31,This is the description of Movie 231.,2018
Movie 232,Adventure,8.3,Director 32,This is the description of Movie 232.,1991
Movie 233,Action,6.6,Director 33,This is the description of Movie 233.,2015
Movie 234,"Action, Sci-Fi",6.7,Director 34,This is the description of Movie 234.,2021
Movie 235,Horror,6.8,Director 35,This is the description of Movie 235.,2001
Movie 236,"Horror, Comedy",8.1,Director 36,This is the description of Movie 236.,2003
Movie 237,"Action, Drama",9.4,Director 37,This is the description of Movie 237.,2017
Movie 238,"Romance, Horror",8.5,Director 38,This is the description of Movie 238.,2001
Movie 239,"Comedy, Sci-Fi",9.0,Director 39,This is the description of Movie 239.,2001
Movie 240,"Adventure, Thriller",6.7,Director 40,This is the description of Movie 240.,2001
Movie 241,"Comedy, Sci-Fi",9.2,Director 41,This is the description of Movie 241.,1992
Movie 242,Thriller,9.1,Director 42,This is the description of Movie 242.,2017
Movie 243,"Comedy, Thriller",7.1,Director 43,This is the description of Movie 243.,2010
Movie 244,Comedy,6.2,Director 44,This is the description of Movie 244.,2010
Movie 245,"Romance, Drama",8.7,Director 45,This is the description of Movie 245.,2022
Movie 246,"Adventure, Romance",9.2,Director 46,This is the description of Movie 246.,2009
Movie 247,Sci-Fi,9.1,Director 47,This is the description of Movie 247.,1999
Movie 248,Sci-Fi,7.4,Director 48,This is the description of Movie 248.,2009
Movie 249,Horror,8.3,Director 49,This is the description of Movie 249.,2020
Movie 250,"Sci-Fi, Horror",8.4,Director 0,This is the description of Movie 250.,1999
Movie 251,"Romance, Drama",9.5,Director 1,This is the description of Movie 251.,1996
Movie 252,Action,8.8,Director 2,This is the description of Movie 252.,2022
Movie 253,Thriller,9.2,Director 3,This is the description of Movie 253.,2002
Movie 254,"Romance, Horror",9.3,Director 4,This is the description of Movie 254.,1993
Movie 255,"Horror, Action",7.1,Director 5,This is the description of Movie 255.,2023
Movie 256,"Adventure, Comedy",7.5,Director 6,This is the description of Movie 256.,1993
Movie 257,"Action, Drama",8.9,Director 7,This is the description of Movie 257.,1996
Movie 258,Thriller,8.4,Director 8,This is the description of Movie 258.,2003
Movie 259,"Thriller, Drama",8.3,Director 9,This is the description of Movie 259.,2015
Movie 260,Adventure,7.5,Director 10,This is the description of Movie 260.,2003
Movie 261,Drama,8.4,Director 11,This is the description of Movie 261.,2000
Movie 262,Comedy,8.7,Director 12,This is the description of Movie 262.,2000
Movie 263,"Romance, Sci-Fi",7.1,Director 13,This is the description of Movie 263.,1997
Movie 264,Drama,6.1,Director 14,This is the description of Movie 264.,2009
Movie 265,Comedy,8.2,Director 15,This is the description of Movie 265.,1992
Movie 266,Sci-Fi,9.3,Director 16,This is the description of Movie 266.,2015
Movie 267,Sci-Fi,7.2,Director 17,This is the description of Movie 267.,2015
Movie 268,"Thriller, Comedy",6.6,Director 18,This is the description of Movie 268.,2015
Movie 269,Thriller,7.6,Director 19,This is the description of Movie 269.,2013
Movie 270,"Adventure, Thriller",7.3,Director 20,This is the description of Movie 270.,2002
Movie 271,Sci-Fi,9.2,Director 21,This is the description of Movie 271.,2008
Movie 272,"Action, Sci-Fi",6.4,Director 22,This is the description of Movie 272.,2023
Movie 273,Romance,6.0,Director 23,This is the description of Movie 273.,2013
Movie 274,Sci-Fi,6.2,Director 24,This is the description of Movie 274.,2001
Movie 275,Horror,8.2,Director 25,This is the description of Movie 275.,2011
Movie 276,Drama,8.8,Director 26,This is the description of Movie 276.,2019
Movie 277,"Drama, Horror",7.9,Director 27,This is the description of Movie 277.,2020
Movie 278,Thriller,9.2,Director 28,This is the description of Movie 278.,2002
Movie 279,Drama,7.0,Director 29,This is the description of Movie 279.,1992
Movie 280,"Horror, Action",6.2,Director 30,This is the description of Movie 280.,2000
Movie 281,Sci-Fi,9.0,Director 31,This is the description of Movie 281.,2005
Movie 282,Sci-Fi,6.1,Director 32,This is the description of Movie 282.,2004
Movie 283,Sci-Fi,8.0,Director 33,This is the description of Movie 283.,2017
Movie 284,"Drama, Adventure",8.8,Director 34,This is the description of Movie 284.,2005
Movie 285,Thriller,7.7,Director 35,This is the description of Movie 285.,2004
Movie 286,Thriller,7.8,Director 36,This is the description of Movie 286.,2017
Movie 287,"Drama, Adventure",7.8,Director 37,This is the description of Movie 287.,2013
Movie 288,Horror,6.4,Director 38,This is the description of Movie 288.,2011
Movie 289,"Adventure, Horror",6.7,Director 39,This is the description of Movie 289.,1995
Movie 290,"Horror, Romance",7.0,Director 40,This is the description of Movie 290.,2023
Movie 291,Thriller,6.0,Director 41,This is the description of Movie 291.,1994
Movie 292,Thriller,6.1,Director 42,This is the description of Movie 292.,2011
Movie 293,Sci-Fi,6.3,Director 43,This is the description of Movie 293.,2023
Movie 294,Sci-Fi,8.1,Director 44,This is the description of Movie 294.,2021
Movie 295,Romance,9.2,Director 45,This is the description of Movie 295.,2006
Movie 296,"Thriller, Drama",6.8,Director 46,This is the description of Movie 296.,1998
Movie 297,Drama,7.3,Director 47,This is the description of Movie 297.,2000
Movie 298,Thriller,9.0,Director 48,This is the description of Movie 298.,2012
Movie 299,"Sci-Fi, Comedy",6.2,Director 49,This is the description of Movie 299.,1999
Movie 300,Action,7.0,Director 0,This is the description of Movie 300.,2018
Movie 301,"Thriller, Sci-Fi",8.7,Director 1,This is the description of Movie 301.,1999
Movie 302,"Romance, Action",6.6,Director 2,This is the description of Movie 302.,2010
Movie 303,Action,7.5,Director 3,This is the description of Movie 303.,1997
Movie 304,Drama,7.4,Director 4,This is the description of Movie 304.,2018
Movie 305,Drama,8.6,Director 5,This is the description of Movie 305.,2020
Movie 306,"Horror, Sci-Fi",8.9,Director 6,This is the description of Movie 306.,2007
Movie 307,Sci-Fi,6.7,Director 7,This is the description of Movie 307.,2018
Movie 308,Sci-Fi,7.5,Director 8,This is the description of Movie 308.,2005
Movie 309,"Drama, Romance",9.4,Director 9,This is the description of Movie 309.,2003
Movie 310,Thriller,8.8,Director 10,This is the description of Movie 310.,2006
Movie 311,"Thriller, Romance",7.0,Director 11,This is the description of Movie 311.,2015
Movie 312,Comedy,8.5,Director 12,This is the description of Movie 312.,1995
Movie 313,"Romance, Thriller",7.3,Director 13,This is the description of Movie 313.,1995
Movie 314,"Horror, Drama",6.9,Director 14,This is the description of Movie 314.,1998
Movie 315,"Sci-Fi, Thriller",8.3,Director 15,This is the description of Movie 315.,2000
Movie 316,Adventure,7.5,Director 16,This is the description of Movie 316.,2022
Movie 317,"Thriller, Sci-Fi",6.2,Director 17,This is the description of Movie 317.,1999
Movie 318,Horror,7.9,Director 18,This is the description of Movie 318.,1996
Movie 319,"Thriller, Horror",8.8,Director 19,This is the description of Movie 319.,1994
Movie 320,"Thriller, Romance",9.5,Director 20,This is the description of Movie 320.,2020
Movie 321,"Sci-Fi, Thriller",8.8,Director 21,This is the description of Movie 321.,2013
Movie 322,Romance,8.0,Director 22,This is the description of Movie 322.,2014
Movie 323,Romance,9.0,Director 23,This is the description of Movie 323.,2015
Movie 324,Romance,6.6,Director 24,This is the description of Movie 324.,1991
Movie 325,Thriller,7.8,Director 25,This is the description of Movie 325.,2010
Movie 326,Drama,7.8,Director 26,This is the description of Movie 326.,2018
Movie 327,Horror,6.4,Director 27,This is the description of Movie 327.,2007
Movie 328,"Adventure, Drama",8.6,Director 28,This is the description of Movie 328.,2006
Movie 329,Romance,7.3,Director 29,This is the description of Movie 329.,2002
Movie 330,"Comedy, Horror",9.4,Director 30,This is the description of Movie 330.,2009
Movie 331,Adventure,6.2,Director 31,This is the description of Movie 331.,2018
Movie 332,Horror,7.9,Director 32,This is the description of Movie 332.,2003
Movie 333,"Adventure, Drama",6.6,Director 33,This is the description of Movie 333.,2014
Movie 334,"Drama, Action",8.3,Director 34,This is the description of Movie 334.,2004
Movie 335,Thriller,6.2,Director 35,This is the description of Movie 335.,2022
Movie 336,"Sci-Fi, Drama",7.8,Director 36,This is the description of Movie 336.,2005
Movie 337,Horror,9.5,Director 37,This is the description of Movie 337.,2013
Movie 338,Comedy,7.5,Director 38,This is the description of Movie 338.,1994
Movie 339,"Action, Sci-Fi",6.6,Director 39,This is the description of Movie 339.,1996
Movie 340,"Thriller, Action",7.4,Director 40,This is the description of Movie 340.,2008
Movie 341,"Horror, Romance",7.8,Director 41,This is the description of Movie 341.,1999
Movie 342,Adventure,6.5,Director 42,This is the description of Movie 342.,1998
Movie 343,Romance,8.4,Director 43,This is the description of Movie 343.,2005
Movie 344,Drama,7.4,Director 44,This is the description of Movie 344.,2001
Movie 345,"Horror, Comedy",9.2,Director 45,This is the description of Movie 345.,2007
Movie 346,"Sci-Fi, Thriller",8.0,Director 46,This is the description of Movie 346.,1994
Movie 347,"Thriller, Sci-Fi",7.6,Director 47,This is the description of Movie 347.,2007
Movie 348,Action,6.2,Director 48,This is the description of Movie 348.,1995
Movie 349,Adventure,9.4,Director 49,This is the description of Movie 349.,1994
Movie 350,Action,8.9,Director 0,This is the description of Movie 350.,2018
Movie 351,Drama,6.1,Director 1,This is the description of Movie 351.,2010
Movie 352,"Sci-Fi, Drama",6.0,Director 2,This is the description of Movie 352.,1995
Movie 353,"Comedy, Horror",7.8,Director 3,This is the description of Movie 353.,2017
Movie 354,"Sci-Fi, Comedy",9.0,Director 4,This is the description of Movie 354.,1992
Movie 355,Comedy,8.0,Director 5,This is the description of Movie 355.,1994
Movie 356,"Adventure, Drama",8.2,Director 6,This is the description of Movie 356.,2012
Movie 357,Horror,7.2,Director 7,This is the description of Movie 357.,1994
Movie 358,"Drama, Action",6.3,Director 8,This is the description of Movie 358.,2021
Movie 359,"Drama, Comedy",6.3,Director 9,This is the description of Movie 359.,2013
Movie 360,Sci-Fi,6.8,Director 10,This is the description of Movie 360.,2006
Movie 361,Adventure,8.8,Director 11,This is the description of Movie 361.,2017
Movie 362,"Drama, Adventure",6.5,Director 12,This is the description of Movie 362.,1990
Movie 363,"Romance, Comedy",7.2,Director 13,This is the description of Movie 363.,2013
Movie 364,Horror,6.3,Director 14,This is the description of Movie 364.,1991
Movie 365,Drama,6.8,Director 15,This is the description of Movie 365.,2015
Movie 366,"Sci-Fi, Action",6.4,Director 16,This is the description of Movie 366.,1990
Movie 367,"Sci-Fi, Comedy",8.8,Director 17,This is the description of Movie 367.,2012
Movie 368,Thriller,7.4,Director 18,This is the description of Movie 368.,1995
Movie 369,Adventure,8.5,Director 19,This is the description of Movie 369.,2014
Movie 370,"Thriller, Action",7.1,Director 20,This is the description of Movie 370.,2010
Movie 371,Thriller,7.1,Director 21,This is the description of Movie 371.,1997
Movie 372,Sci-Fi,7.7,Director 22,This is the description of Movie 372.,1996
Movie 373,Horror,7.0,Director 23,This is the description of Movie 373.,1994
Movie 374,"Sci-Fi, Horror",7.6,Director 24,This is the description of Movie 374.,1999
Movie 375,"Romance, Thriller",8.5,Director 25,This is the description of Movie 375.,1990
Movie 376,"Romance, Thriller",8.2,Director 26,This is the description of Movie 376.,2011
Movie 377,"Romance, Horror",6.9,Director 27,This is the description of Movie 377.,1995
Movie 378,"Action, Adventure",7.9,Director 28,This is the description of Movie 378.,2001
Movie 379,"Romance, Comedy",9.4,Director 29,This is the description of Movie 379.,2004
Movie 380,"Horror, Drama",7.5,Director 30,This is the description of Movie 380.,2002
Movie 381,"Action, Drama",9.4,Director 31,This is the description of Movie 381.,2008
Movie 382,Adventure,8.1,Director 32,This is the description of Movie 382.,2020
Movie 383,"Drama, Comedy",6.6,Director 33,This is the description of Movie 383.,2008
Movie 384,Horror,7.3,Director 34,This is the description of Movie 384.,2019
Movie 385,Action,9.2,Director 35,This is the description of Movie 385.,1998
Movie 386,Thriller,7.8,Director 36,This is the description of Movie 386.,2002
Movie 387,Adventure,7.2,Director 37,This is the description of Movie 387.,2001
Movie 388,"Comedy, Action",8.9,Director 38,This is the description of Movie 388.,1991
Movie 389,Comedy,6.8,Director 39,This is the description of Movie 389.,2005
Movie 390,"Romance, Horror",9.1,Director 40,This is the description of Movie 390.,2012
Movie 391,Romance,7.6,Director 41,This is the description of Movie 391.,2008
Movie 392,"Comedy, Romance",8.7,Director 42,This is the description of Movie 392.,1990
Movie 393,"Sci-Fi, Horror",9.3,Director 43,This is the description of Movie 393.,1996
Movie 394,"Sci-Fi, Action",7.7,Director 44,This is the description of Movie 394.,2019
Movie 395,"Adventure, Thriller",7.0,Director 45,This is the description of Movie 395.,2022
Movie 396,Romance,9.2,Director 46,This is the description of Movie 396.,1990
Movie 397,"Romance, Horror",8.5,Director 47,This is the description of Movie 397.,2011
Movie 398,"Sci-Fi, Thriller",6.7,Director 48,This is the description of Movie 398.,2023
Movie 399,"Adventure, Sci-Fi",9.5,Director 49,This is the description of Movie 399.,2017
Movie 400,"Drama, Action",6.0,Director 0,This is the description of Movie 400.,2023
Movie 401,Horror,7.2,Director 1,This is the description of Movie 401.,2023
Movie 402,Thriller,8.9,Director 2,This is the description of Movie 402.,2003
Movie 403,"Sci-Fi, Romance",8.0,Director 3,This is the description of Movie 403.,2022
Movie 404,Romance,6.4,Director 4,This is the description of Movie 404.,1998
Movie 405,Comedy,6.5,Director 5,This is the description of Movie 405.,2020
Movie 406,"Sci-Fi, Action",6.1,Director 6,This is the description of Movie 406.,2001
Movie 407,"Horror, Thriller",7.4,Director 7,This is the description of Movie 407.,2022
Movie 408,"Drama, Adventure",6.2,Director 8,This is the description of Movie 408.,2023
Movie 409,Drama,8.8,Director 9,This is the description of Movie 409.,2012
Movie 410,Romance,8.3,Director 10,This is the description of Movie 410.,2022
Movie 411,"Romance, Action",8.2,Director 11,This is the description of Movie 411.,2005
Movie 412,Drama,7.9,Director 12,This is the description of Movie 412.,1999
Movie 413,"Adventure, Drama",7.8,Director 13,This is the description of Movie 413.,2001
Movie 414,"Horror, Romance",8.1,Director 14,This is the description of Movie 414.,1996
Movie 415,Adventure,7.6,Director 15,This is the description of Movie 415.,2004
Movie 416,Sci-Fi,8.0,Director 16,This is the description of Movie 416.,2011
Movie 417,"Thriller, Adventure",7.5,Director 17,This is the description of Movie 417.,1991
Movie 418,"Romance, Thriller",9.3,Director 18,This is the description of Movie 418.,2021
Movie 419,"Drama, Comedy",6.0,Director 19,This is the description of Movie 419.,2012
Movie 420,Horror,8.2,Director 20,This is the description of Movie 420.,2002
Movie 421,"Comedy, Action",6.6,Director 21,This is the description of Movie 421.,2001
Movie 422,"Romance, Comedy",7.8,Director 22,This is the description of Movie 422.,2004
Movie 423,Romance,7.3,Director 23,This is the description of Movie 423.,2008
Movie 424,Drama,9.5,Director 24,This is the description of Movie 424.,2008
Movie 425,Drama,7.1,Director 25,This is the description of Movie 425.,2002
Movie 426,"Sci-Fi, Thriller",7.4,Director 26,This is the description of Movie 426.,2023
Movie 427,Drama,9.2,Director 27,This is the description of Movie 427.,2006
Movie 428,Sci-Fi,6.2,Director 28,This is the description of Movie 428.,2002
Movie 429,"Comedy, Sci-Fi",7.6,Director 29,This is the description of Movie 429.,1993
Movie 430,"Thriller, Comedy",6.3,Director 30,This is the description of Movie 430.,1999
Movie 431,Horror,8.0,Director 31,This is the description of Movie 431.,2015
Movie 432,Adventure,7.6,Director 32,This is the description of Movie 432.,2013
Movie 433,Horror,9.2,Director 33,This is the description of Movie 433.,1996
Movie 434,Comedy,8.2,Director 34,This is the description of Movie 434.,2000
Movie 435,"Adventure, Action",6.3,Director 35,This is the description of Movie 435.,2002
Movie 436,"Drama, Action",9.3,Director 36,This is the description of Movie 436.,2011
Movie 437,Comedy,9.0,Director 37,This is the description of Movie 437.,1994
Movie 438,"Action, Horror",6.8,Director 38,This is the description of Movie 438.,2021
Movie 439,"Drama, Romance",7.6,Director 39,This is the description of Movie 439.,2019
Movie 440,Adventure,8.4,Director 40,This is the description of Movie 440.,1993
Movie 441,"Thriller, Comedy",8.3,Director 41,This is the description of Movie 441.,1999
Movie 442,"Comedy, Action",7.0,Director 42,This is the description of Movie 442.,1990
Movie 443,"Comedy, Romance",8.6,Director 43,This is the description of Movie 443.,2019
Movie 444,"Action, Adventure",8.3,Director 44,This is the description of Movie 444.,2000
Movie 445,Comedy,6.5,Director 45,This is the description of Movie 445.,1999
Movie 446,Drama,7.8,Director 46,This is the description of Movie 446.,2003
Movie 447,Action,8.8,Director 47,This is the description of Movie 447.,1998
Movie 448,"Horror, Thriller",6.6,Director 48,This is the description of Movie 448.,2005
Movie 449,"Action, Sci-Fi",7.9,Director 49,This is the description of Movie 449.,2018
Movie 450,Adventure,8.7,Director 0,This is the description of Movie 450.,1991
Movie 451,Thriller,6.7,Director 1,This is the description of Movie 451.,2016
Movie 452,Romance,6.7,Director 2,This is the description of Movie 452.,2004
Movie 453,Sci-Fi,6.6,Director 3,This is the description of Movie 453.,2000
Movie 454,Thriller,6.8,Director 4,This is the description of Movie 454.,2022
Movie 455,"Action, Horror",9.3,Director 5,This is the description of Movie 455.,1990
Movie 456,Thriller,7.4,Director 6,This is the description of Movie 456.,1990
Movie 457,Sci-Fi,7.2,Director 7,This is the description of Movie 457.,2013
Movie 458,"Drama, Adventure",8.5,Director 8,This is the description of Movie 458.,2011
Movie 459,Action,7.2,Director 9,This is the description of Movie 459.,2021
Movie 460,Sci-Fi,6.7,Director 10,This is the description of Movie 460.,2017
Movie 461,Sci-Fi,9.3,Director 11,This is the description of Movie 461.,1997
Movie 462,"Adventure, Thriller",6.0,Director 12,This is the description of Movie 462.,2023
Movie 463,"Sci-Fi, Adventure",8.7,Director 13,This is the description of Movie 463.,1992
Movie 464,Romance,8.8,Director 14,This is the description of Movie 464.,2017
Movie 465,Action,8.0,Director 15,This is the description of Movie 465.,1990
Movie 466,Adventure,6.4,Director 16,This is the description of Movie 466.,2011
Movie 467,Sci-Fi,8.5,Director 17,This is the description of Movie 467.,2022
Movie 468,"Horror, Comedy",6.2,Director 18,This is the description of Movie 468.,2002
Movie 469,Sci-Fi,8.6,Director 19,This is the description of Movie 469.,2008
Movie 470,Action,8.3,Director 20,This is the description of Movie 470.,2007
Movie 471,Drama,8.9,Director 21,This is the description of Movie 471.,2001
Movie 472,"Romance, Adventure",8.6,Director 22,This is the description of Movie 472.,1992
Movie 473,"Thriller, Sci-Fi",6.2,Director 23,This is the description of Movie 473.,2008
Movie 474,"Horror, Comedy",7.1,Director 24,This is the description of Movie 474.,1999
Movie 475,"Horror, Thriller",7.6,Director 25,This is the description of Movie 475.,2000
Movie 476,Drama,8.6,Director 26,This is the description of Movie 476.,1991
Movie 477,"Sci-Fi, Action",8.2,Director 27,This is the description of Movie 477.,1993
Movie 478,"Romance, Thriller",7.1,Director 28,This is the description of Movie 478.,1992
Movie 479,Horror,8.4,Director 29,This is the description of Movie 479.,2018
Movie 480,Comedy,8.3,Director 30,This is the description of Movie 480.,1992
Movie 481,Adventure,6.9,Director 31,This is the description of Movie 481.,2013
Movie 482,"Drama, Romance",7.8,Director 32,This is the description of Movie 482.,2017
Movie 483,"Thriller, Romance",6.5,Director 33,This is the description of Movie 483.,2021
Movie 484,Action,8.5,Director 34,This is the description of Movie 484.,2020
Movie 485,"Thriller, Horror",8.8,Director 35,This is the description of Movie 485.,2001
Movie 486,Drama,8.4,Director 36,This is the description of Movie 486.,2007
Movie 487,Horror,7.4,Director 37,This is the description of Movie 487.,2018
Movie 488,Drama,6.3,Director 38,This is the description of Movie 488.,1996
Movie 489,Romance,6.8,Director 39,This is the description of Movie 489.,1998
Movie 490,Comedy,9.1,Director 40,This is the description of Movie 490.,2015
Movie 491,Romance,7.7,Director 41,This is the description of Movie 491.,2000
Movie 492,Thriller,8.9,Director 42,This is the description of Movie 492.,2011
Movie 493,"Thriller, Action",8.7,Director 43,This is the description of Movie 493.,1990
Movie 494,"Horror, Romance",8.8,Director 44,This is the description of Movie 494.,2020
Movie 495,"Horror, Drama",6.7,Director 45,This is the description of Movie 495.,2007
Movie 496,"Thriller, Action",6.4,Director 46,This is the description of Movie 496.,1990
Movie 497,"Drama, Romance",7.1,Director 47,This is the description of Movie 497.,2018
Movie 498,Drama,7.5,Director 48,This is the description of Movie 498.,2014
Movie 499,Thriller,8.3,Director 49,This is the description of Movie 499.,2014
Movie 500,Sci-Fi,8.6,Director 0,This is the description of Movie 500.,1993
Movie 501,"Comedy, Drama",7.4,Director 1,This is the description of Movie 501.,2016
Movie 502,"Drama, Romance",6.1,Director 2,This is the description of Movie 502.,1998
Movie 503,"Sci-Fi, Drama",6.3,Director 3,This is the description of Movie 503.,2006
Movie 504,"Adventure, Romance",7.0,Director 4,This is the description of Movie 504.,2011
Movie 505,"Romance, Action",6.4,Director 5,This is the description of Movie 505.,2009
Movie 506,Drama,6.9,Director 6,This is the description of Movie 506.,2021
Movie 507,"Action, Horror",8.1,Director 7,This is the description of Movie 507.,2010
Movie 508,Action,7.2,Director 8,This is the description of Movie 508.,2012
Movie 509,"Romance, Action",8.5,Director 9,This is the description of Movie 509.,1993
Movie 510,"Sci-Fi, Adventure",8.3,Director 10,This is the description of Movie 510.,2010
Movie 511,"Romance, Action",6.8,Director 11,This is the description of Movie 511.,1995
Movie 512,"Romance, Comedy",7.9,Director 12,This is the description of Movie 512.,2001
Movie 513,Horror,8.6,Director 13,This is the description of Movie 513.,2016
Movie 514,Thriller,6.7,Director 14,This is the description of Movie 514.,1998
Movie 515,"Adventure, Romance",8.5,Director 15,This is the description of Movie 515.,1993
Movie 516,Romance,6.7,Director 16,This is the description of Movie 516.,2000
Movie 517,"Comedy, Sci-Fi",6.2,Director 17,This is the description of Movie 517.,1994
Movie 518,"Drama, Romance",6.0,Director 18,This is the description of Movie 518.,1998
Movie 519,Sci-Fi,6.1,Director 19,This is the description of Movie 519.,1995
Movie 520,Romance,7.9,Director 20,This is the description of Movie 520.,2008
Movie 521,Romance,6.9,Director 21,This is the description of Movie 521.,2023
Movie 522,Adventure,6.4,Director 22,This is the description of Movie 522.,2017
Movie 523,Comedy,8.5,Director 23,This is the description of Movie 523.,2020
Movie 524,Drama,6.7,Director 24,This is the description of Movie 524.,2007
Movie 525,Comedy,6.2,Director 25,This is the description of Movie 525.,2012
Movie 526,Sci-Fi,9.3,Director 26,This is the description of Movie 526.,2018
Movie 527,"Adventure, Comedy",8.2,Director 27,This is the description of Movie 527.,2021
Movie 528,Horror,8.7,Director 28,This is the description of Movie 528.,2021
Movie 529,"Action, Sci-Fi",7.0,Director 29,This is the description of Movie 529.,2015
Movie 530,"Horror, Drama",7.4,Director 30,This is the description of Movie 530.,1999
Movie 531,"Drama, Adventure",8.7,Director 31,This is the description of Movie 531.,2014
Movie 532,"Romance, Action",6.3,Director 32,This is the description of Movie 532.,2018
Movie 533,"Drama, Adventure",6.4,Director 33,This is the description of Movie 533.,2016
Movie 534,Romance,8.4,Director 34,This is the description of Movie 534.,2003
Movie 535,Horror,8.7,Director 35,This is the description of Movie 535.,2018
Movie 536,"Action, Sci-Fi",8.2,Director 36,This is the description of Movie 536.,2009
Movie 537,"Drama, Comedy",6.7,Director 37,This is the description of Movie 537.,2019
Movie 538,Horror,9.5,Director 38,This is the description of Movie 538.,2004
Movie 539,Romance,8.7,Director 39,This is the description of Movie 539.,1996
Movie 540,"Romance, Drama",8.8,Director 40,This is the description of Movie 540.,2009
Movie 541,Drama,6.7,Director 41,This is the description of Movie 541.,1990
Movie 542,"Drama, Horror",6.8,Director 42,This is the description of Movie 542.,1992
Movie 543,"Drama, Action",8.9,Director 43,This is the description of Movie 543.,2021
Movie 544,"Thriller, Adventure",7.3,Director 44,This is the description of Movie 544.,1990
Movie 545,Comedy,6.6,Director 45,This is the description of Movie 545.,2016
Movie 546,"Adventure, Drama",8.1,Director 46,This is the description of Movie 546.,2018
Movie 547,"Comedy, Sci-Fi",7.9,Director 47,This is the description of Movie 547.,1995
Movie 548,"Adventure, Drama",8.5,Director 48,This is the description of Movie 548.,2008
Movie 549,"Romance, Drama",9.3,Director 49,This is the description of Movie 549.,2004
Movie 550,Action,7.1,Director 0,This is the description of Movie 550.,2014
Movie 551,"Sci-Fi, Horror",8.2,Director 1,This is the description of Movie 551.,1993
Movie 552,Romance,8.6,Director 2,This is the description of Movie 552.,1996
Movie 553,Sci-Fi,8.7,Director 3,This is the description of Movie 553.,2011
Movie 554,Sci-Fi,8.2,Director 4,This is the description of Movie 554.,2001
Movie 555,"Comedy, Drama",9.2,Director 5,This is the description of Movie 555.,2006
Movie 556,Thriller,7.1,Director 6,This is the description of Movie 556.,2010
Movie 557,"Thriller, Sci-Fi",7.9,Director 7,This is the description of Movie 557.,2013
Movie 558,Comedy,6.7,Director 8,This is the description of Movie 558.,2010
Movie 559,Adventure,9.3,Director 9,This is the description of Movie 559.,2001
Movie 560,"Drama, Action",6.3,Director 10,This is the description of Movie 560.,2005
Movie 561,"Comedy, Adventure",8.9,Director 11,This is the description of Movie 561.,1994
Movie 562,"Sci-Fi, Horror",7.6,Director 12,This is the description of Movie 562.,2023
Movie 563,Horror,7.1,Director 13,This is the description of Movie 563.,1999
Movie 564,Action,9.4,Director 14,This is the description of Movie 564.,1999
Movie 565,Adventure,8.4,Director 15,This is the description of Movie 565.,2010
Movie 566,"Drama, Horror",9.3,Director 16,This is the description of Movie 566.,2015
Movie 567,Drama,6.7,Director 17,This is the description of Movie 567.,1991
Movie 568,"Romance, Comedy",6.7,Director 18,This is the description of Movie 568.,2019
Movie 569,Thriller,9.4,Director 19,This is the description of Movie 569.,1990
Movie 570,"Drama, Sci-Fi",7.5,Director 20,This is the description of Movie 570.,2006
Movie 571,"Sci-Fi, Adventure",7.7,Director 21,This is the description of Movie 571.,2005
Movie 572,"Drama, Romance",9.1,Director 22,This is the description of Movie 572.,2011
Movie 573,Thriller,6.6,Director 23,This is the description of Movie 573.,2007
Movie 574,"Adventure, Romance",9.5,Director 24,This is the description of Movie 574.,1992
Movie 575,"Horror, Sci-Fi",8.0,Director 25,This is the description of Movie 575.,1992
Movie 576,Romance,8.1,Director 26,This is the description of Movie 576.,2014
Movie 577,"Adventure, Romance",7.7,Director 27,This is the description of Movie 577.,2017
Movie 578,"Comedy, Adventure",8.4,Director 28,This is the description of Movie 578.,2023
Movie 579,Comedy,9.2,Director 29,This is the description of Movie 579.,1993
Movie 580,Drama,6.4,Director 30,This is the description of Movie 580.,2003
Movie 581,Drama,8.1,Director 31,This is the description of Movie 581.,2018
Movie 582,Drama,6.4,Director 32,This is the description of Movie 582.,1993
Movie 583,"Action, Sci-Fi",8.3,Director 33,This is the description of Movie 583.,2013
Movie 584,"Sci-Fi, Horror",7.8,Director 34,This is the description of Movie 584.,1997
Movie 585,Adventure,6.2,Director 35,This is the description of Movie 585.,1990
Movie 586,"Action, Romance",7.1,Director 36,This is the description of Movie 586.,2014
Movie 587,"Action, Sci-Fi",9.3,Director 37,This is the description of Movie 587.,1992
Movie 588,"Horror, Adventure",9.1,Director 38,This is the description of Movie 588.,2004
Movie 589,"Adventure, Sci-Fi",6.3,Director 39,This is the description of Movie 589.,2018
Movie 590,Thriller,7.1,Director 40,This is the description of Movie 590.,2019
Movie 591,"Sci-Fi, Horror",8.3,Director 41,This is the description of Movie 591.,2009
Movie 592,"Comedy, Thriller",6.0,Director 42,This is the description of Movie 592.,2003
Movie 593,"Adventure, Romance",6.9,Director 43,This is the description of Movie 593.,2012
Movie 594,Action,8.2,Director 44,This is the description of Movie 594.,2001
Movie 595,Horror,8.3,Director 45,This is the description of Movie 595.,2010
Movie 596,Horror,6.5,Director 46,This is the description of Movie 596.,2002
Movie 597,"Sci-Fi, Action",8.4,Director 47,This is the description of Movie 597.,2007
Movie 598,"Comedy, Romance",9.4,Director 48,This is the description of Movie 598.,2005
Movie 599,"Drama, Horror",8.9,Director 49,This is the description of Movie 599.,1997
Movie 600,"Adventure, Drama",8.5,Director 0,This is the description of Movie 600.,2018
Movie 601,Comedy,7.1,Director 1,This is the description of Movie 601.,2001
Movie 602,Sci-Fi,8.4,Director 2,This is the description of Movie 602.,2004
Movie 603,"Adventure, Drama",9.2,Director 3,This is the description of Movie 603.,1995
Movie 604,Thriller,7.1,Director 4,This is the description of Movie 604.,2011
Movie 605,Adventure,6.5,Director 5,This is the description of Movie 605.,2002
Movie 606,Comedy,7.8,Director 6,This is the description of Movie 606.,2015
Movie 607,Action,6.8,Director 7,This is the description of Movie 607.,1996
Movie 608,Thriller,7.0,Director 8,This is the description of Movie 608.,2017
Movie 609,Thriller,6.0,Director 9,This is the description of Movie 609.,1997
Movie 610,Thriller,6.6,Director 10,This is the description of Movie 610.,2002
Movie 611,"Adventure, Thriller",9.0,Director 11,This is the description of Movie 611.,2008
Movie 612,"Romance, Thriller",7.4,Director 12,This is the description of Movie 612.,2009
Movie 613,"Thriller, Action",8.0,Director 13,This is the description of Movie 613.,2012
Movie 614,Romance,7.4,Director 14,This is the description of Movie 614.,2023
Movie 615,Comedy,9.0,Director 15,This is the description of Movie 615.,1997
Movie 616,"Adventure, Drama",9.1,Director 16,This is the description of Movie 616.,2020
Movie 617,"Sci-Fi, Comedy",8.9,Director 17,This is the description of Movie 617.,2002
Movie 618,Thriller,9.5,Director 18,This is the description of Movie 618.,2023
Movie 619,"Drama, Romance",6.4,Director 19,This is the description of Movie 619.,2010
Movie 620,Drama,7.5,Director 20,This is the description of Movie 620.,2023
Movie 621,Sci-Fi,9.2,Director 21,This is the description of Movie 621.,2015
Movie 622,Comedy,6.7,Director 22,This is the description of Movie 622.,2023
Movie 623,"Romance, Drama",8.0,Director 23,This is the description of Movie 623.,2008
Movie 624,"Adventure, Thriller",6.9,Director 24,This is the description of Movie 624.,2008
Movie 625,Thriller,8.7,Director 25,This is the description of Movie 625.,2001
Movie 626,"Adventure, Sci-Fi",6.1,Director 26,This is the description of Movie 626.,2006
Movie 627,"Adventure, Action",6.4,Director 27,This is the description of Movie 627.,2017
Movie 628,Horror,6.2,Director 28,This is the description of Movie 628.,2005
Movie 629,"Horror, Action",8.1,Director 29,This is the description of Movie 629.,1994
Movie 630,"Sci-Fi, Adventure",7.4,Director 30,This is the description of Movie 630.,2021
Movie 631,"Horror, Drama",7.0,Director 31,This is the description of Movie 631.,2014
Movie 632,"Adventure, Drama",6.7,Director 32,This is the description of Movie 632.,2016
Movie 633,Comedy,6.7,Director 33,This is the description of Movie 633.,2009
Movie 634,Horror,9.4,Director 34,This is the description of Movie 634.,1993
Movie 635,Horror,8.1,Director 35,This is the description of Movie 635.,2016
Movie 636,Sci-Fi,7.7,Director 36,This is the description of Movie 636.,2018
Movie 637,Adventure,6.1,Director 37,This is the description of Movie 637.,2002
Movie 638,Adventure,8.2,Director 38,This is the description of Movie 638.,2021
Movie 639,Romance,7.2,Director 39,This is the description of Movie 639.,1996
Movie 640,"Action, Romance",7.9,Director 40,This is the description of Movie 640.,2007
Movie 641,"Romance, Action",6.3,Director 41,This is the description of Movie 641.,2009
Movie 642,Drama,8.2,Director 42,This is the description of Movie 642.,2000
Movie 643,Adventure,9.2,Director 43,This is the description of Movie 643.,2018
Movie 644,"Thriller, Horror",8.2,Director 44,This is the description of Movie 644.,2017
Movie 645,"Horror, Sci-Fi",8.2,Director 45,This is the description of Movie 645.,2004
Movie 646,"Thriller, Sci-Fi",8.8,Director 46,This is the description of Movie 646.,2000
Movie 647,"Horror, Adventure",7.9,Director 47,This is the description of Movie 647.,2010
Movie 648,Thriller,6.2,Director 48,This is the description of Movie 648.,1991
Movie 649,"Adventure, Romance",9.3,Director 49,This is the description of Movie 649.,1990
Movie 650,"Action, Romance",9.1,Director 0,This is the description of Movie 650.,2010
Movie 651,Horror,7.2,Director 1,This is the description of Movie 651.,1997
Movie 652,Drama,8.2,Director 2,This is the description of Movie 652.,2009
Movie 653,Thriller,8.2,Director 3,This is the description of Movie 653.,2002
Movie 654,Thriller,7.8,Director 4,This is the description of Movie 654.,2001
Movie 655,Thriller,6.9,Director 5,This is the description of Movie 655.,2012
Movie 656,"Adventure, Sci-Fi",7.3,Director 6,This is the description of Movie 656.,2012
Movie 657,"Adventure, Drama",9.1,Director 7,This is the description of Movie 657.,2005
Movie 658,"Horror, Comedy",8.2,Director 8,This is the description of Movie 658.,2019
Movie 659,"Sci-Fi, Adventure",6.3,Director 9,This is the description of Movie 659.,1998
Movie 660,"Horror, Comedy",6.8,Director 10,This is the description of Movie 660.,2004
Movie 661,Romance,6.2,Director 11,This is the description of Movie 661.,1994
Movie 662,"Action, Adventure",8.8,Director 12,This is the description of Movie 662.,1999
Movie 663,"Action, Thriller",6.9,Director 13,This is the description of Movie 663.,2013
Movie 664,"Drama, Action",8.4,Director 14,This is the description of Movie 664.,2023
Movie 665,"Thriller, Romance",8.4,Director 15,This is the description of Movie 665.,1997
Movie 666,"Sci-Fi, Action",7.7,Director 16,This is the description of Movie 666.,2003
Movie 667,Adventure,7.6,Director 17,This is the description of Movie 667.,1999
Movie 668,"Romance, Drama",8.9,Director 18,This is the description of Movie 668.,2000
Movie 669,Adventure,9.0,Director 19,This is the description of Movie 669.,2018
Movie 670,Sci-Fi,8.5,Director 20,This is the description of Movie 670.,1990
Movie 671,Sci-Fi,7.5,Director 21,This is the description of Movie 671.,1995
Movie 672,Sci-Fi,7.3,Director 22,This is the description of Movie 672.,2023
Movie 673,"Sci-Fi, Drama",7.5,Director 23,This is the description of Movie 673.,1997
Movie 674,Thriller,7.6,Director 24,This is the description of Movie 674.,1992
Movie 675,Romance,9.5,Director 25,This is the description of Movie 675.,2003
Movie 676,Thriller,6.9,Director 26,This is the description of Movie 676.,1997
Movie 677,"Adventure, Thriller",8.1,Director 27,This is the description of Movie 677.,2008
Movie 678,"Thriller, Adventure",8.3,Director 28,This is the description of Movie 678.,1993
Movie 679,"Adventure, Sci-Fi",6.2,Director 29,This is the description of Movie 679.,2003
Movie 680,Horror,8.6,Director 30,This is the description of Movie 680.,1998
Movie 681,"Romance, Comedy",8.3,Director 31,This is the description of Movie 681.,2022
Movie 682,Adventure,8.1,Director 32,This is the description of Movie 682.,1995
Movie 683,"Romance, Comedy",7.5,Director 33,This is the description of Movie 683.,1990
Movie 684,Drama,8.2,Director 34,This is the description of Movie 684.,1995
Movie 685,Romance,7.7,Director 35,This is the description of Movie 685.,2022
Movie 686,"Action, Adventure",9.1,Director 36,This is the description of Movie 686.,2003
Movie 687,Action,8.8,Director 37,This is the description of Movie 687.,1998
Movie 688,Thriller,8.3,Director 38,This is the description of Movie 688.,1991
Movie 689,"Sci-Fi, Horror",8.1,Director 39,This is the description of Movie 689.,1990
Movie 690,Action,8.5,Director 40,This is the description of Movie 690.,2016
Movie 691,"Action, Adventure",7.9,Director 41,This is the description of Movie 691.,2015
Movie 692,"Drama, Adventure",7.7,Director 42,This is the description of Movie 692.,1998
Movie 693,"Drama, Action",7.9,Director 43,This is the description of Movie 693.,1994
Movie 694,Sci-Fi,9.3,Director 44,This is the description of Movie 694.,2005
Movie 695,Sci-Fi,6.8,Director 45,This is the description of Movie 695.,1993
Movie 696,Thriller,7.7,Director 46,This is the description of Movie 696.,1992
Movie 697,"Action, Drama",7.9,Director 47,This is the description of Movie 697.,1998
Movie 698,"Horror, Sci-Fi",9.4,Director 48,This is the description of Movie 698.,2003
Movie 699,"Thriller, Comedy",7.1,Director 49,This is the description of Movie 699.,2000
Movie 700,"Action, Adventure",6.1,Director 0,This is the description of Movie 700.,2020
Movie 701,Drama,7.2,Director 1,This is the description of Movie 701.,2006
Movie 702,"Adventure, Romance",6.8,Director 2,This is the description of Movie 702.,2008
Movie 703,Sci-Fi,6.3,Director 3,This is the description of Movie 703.,2013
Movie 704,"Horror, Romance",6.3,Director 4,This is the description of Movie 704.,2009
Movie 705,Action,8.1,Director 5,This is the description of Movie 705.,2011
Movie 706,"Comedy, Action",7.6,Director 6,This is the description of Movie 706.,2010
Movie 707,Thriller,7.5,Director 7,This is the description of Movie 707.,2003
Movie 708,"Drama, Action",6.6,Director 8,This is the description of Movie 708.,1991
Movie 709,Adventure,6.8,Director 9,This is the description of Movie 709.,1999
Movie 710,"Action, Romance",7.8,Director 10,This is the description of Movie 710.,2018
Movie 711,"Sci-Fi, Adventure",9.5,Director 11,This is the description of Movie 711.,1995
Movie 712,Drama,6.9,Director 12,This is the description of Movie 712.,2022
Movie 713,"Romance, Action",8.6,Director 13,This is the description of Movie 713.,2010
Movie 714,Comedy,6.4,Director 14,This is the description of Movie 714.,2001
Movie 715,Action,8.3,Director 15,This is the description of Movie 715.,2010
Movie 716,Romance,7.4,Director 16,This is the description of Movie 716.,2015
Movie 717,"Comedy, Romance",9.4,Director 17,This is the description of Movie 717.,2015
Movie 718,Horror,6.6,Director 18,This is the description of Movie 718.,2018
Movie 719,"Comedy, Romance",7.1,Director 19,This is the description of Movie 719.,1990
Movie 720,Action,7.2,Director 20,This is the description of Movie 720.,2008
Movie 721,Horror,9.4,Director 21,This is the description of Movie 721.,1991
Movie 722,"Comedy, Adventure",8.0,Director 22,This is the description of Movie 722.,1997
Movie 723,Action,7.5,Director 23,This is the description of Movie 723.,2005
Movie 724,"Romance, Comedy",6.8,Director 24,This is the description of Movie 724.,2022
Movie 725,"Adventure, Horror",8.6,Director 25,This is the description of Movie 725.,2005
Movie 726,Sci-Fi,7.6,Director 26,This is the description of Movie 726.,2021
Movie 727,"Thriller, Horror",6.8,Director 27,This is the description of Movie 727.,2010
Movie 728,Romance,6.6,Director 28,This is the description of Movie 728.,2019
Movie 729,"Adventure, Comedy",7.7,Director 29,This is the description of Movie 729.,1998
Movie 730,Horror,8.6,Director 30,This is the description of Movie 730.,2004
Movie 731,Romance,6.2,Director 31,This is the description of Movie 731.,1991
Movie 732,Action,8.8,Director 32,This is the description of Movie 732.,2016
Movie 733,Adventure,9.2,Director 33,This is the description of Movie 733.,2014
Movie 734,"Thriller, Horror",6.7,Director 34,This is the description of Movie 734.,2018
Movie 735,"Action, Comedy",6.3,Director 35,This is the description of Movie 735.,2004
Movie 736,"Action, Drama",6.1,Director 36,This is the description of Movie 736.,2018
Movie 737,"Romance, Horror",8.1,Director 37,This is the description of Movie 737.,1995
Movie 738,Romance,8.7,Director 38,This is the description of Movie 738.,2010
Movie 739,"Romance, Adventure",7.4,Director 39,This is the description of Movie 739.,2007
Movie 740,Drama,6.3,Director 40,This is the description of Movie 740.,2011
Movie 741,"Comedy, Sci-Fi",8.6,Director 41,This is the description of Movie 741.,2014
Movie 742,"Sci-Fi, Action",6.1,Director 42,This is the description of Movie 742.,2021
Movie 743,"Romance, Thriller",6.9,Director 43,This is the description of Movie 743.,2000
Movie 744,"Action, Romance",6.0,Director 44,This is the description of Movie 744.,2009
Movie 745,"Adventure, Drama",8.1,Director 45,This is the description of Movie 745.,1994
Movie 746,Romance,8.5,Director 46,This is the description of Movie 746.,2010
Movie 747,"Drama, Thriller",8.1,Director 47,This is the description of Movie 747.,2002
Movie 748,Romance,6.1,Director 48,This is the description of Movie 748.,2002
Movie 749,Drama,7.7,Director 49,This is the description of Movie 749.,2006
Movie 750,Sci-Fi,6.5,Director 0,This is the description of Movie 750.,2017
Movie 751,Sci-Fi,8.5,Director 1,This is the description of Movie 751.,2008
Movie 752,"Adventure, Comedy",8.1,Director 2,This is the description of Movie 752.,1994
Movie 753,"Comedy, Adventure",7.0,Director 3,This is the description of Movie 753.,2013
Movie 754,"Horror, Sci-Fi",8.8,Director 4,This is the description of Movie 754.,2014
Movie 755,"Adventure, Comedy",9.2,Director 5,This is the description of Movie 755.,2020
Movie 756,Thriller,6.4,Director 6,This is the description of Movie 756.,2009
Movie 757,Comedy,8.9,Director 7,This is the description of Movie 757.,2023
Movie 758,Sci-Fi,6.1,Director 8,This is the description of Movie 758.,2000
Movie 759,"Drama, Action",8.2,Director 9,This is the description of Movie 759.,1991
Movie 760,"Sci-Fi, Romance",7.6,Director 10,This is the description of Movie 760.,2019
Movie 761,Adventure,8.6,Director 11,This is the description of Movie 761.,2003
Movie 762,Romance,6.1,Director 12,This is the description of Movie 762.,2007
Movie 763,"Horror, Thriller",7.1,Director 13,This is the description of Movie 763.,2001
Movie 764,Action,9.0,Director 14,This is the description of Movie 764.,2013
Movie 765,Horror,6.7,Director 15,This is the description of Movie 765.,2007
Movie 766,"Drama, Romance",7.1,Director 16,This is the description of Movie 766.,2023
Movie 767,Comedy,9.4,Director 17,This is the description of Movie 767.,1996
Movie 768,Adventure,9.5,Director 18,This is the description of Movie 768.,1990
Movie 769,Thriller,6.4,Director 19,This is the description of Movie 769.,1999
Movie 770,"Horror, Comedy",7.4,Director 20,This is the description of Movie 770.,2020
Movie 771,"Sci-Fi, Action",8.8,Director 21,This is the description of Movie 771.,2011
Movie 772,Thriller,7.6,Director 22,This is the description of Movie 772.,2007
Movie 773,"Thriller, Romance",6.5,Director 23,This is the description of Movie 773.,2008
Movie 774,"Romance, Adventure",9.4,Director 24,This is the description of Movie 774.,2006
Movie 775,Romance,6.4,Director 25,This is the description of Movie 775.,2019
Movie 776,"Romance, Thriller",6.3,Director 26,This is the description of Movie 776.,1999
Movie 777,"Comedy, Sci-Fi",8.6,Director 27,This is the description of Movie 777.,2022
Movie 778,Romance,8.2,Director 28,This is the description of Movie 778.,2017
Movie 779,"Adventure, Romance",8.7,Director 29,This is the description of Movie 779.,2000
Movie 780,Horror,7.3,Director 30,This is the description of Movie 780.,1997
Movie 781,"Sci-Fi, Thriller",6.9,Director 31,This is the description of Movie 781.,2018
Movie 782,Sci-Fi,9.4,Director 32,This is the description of Movie 782.,1997
Movie 783,"Thriller, Action",8.6,Director 33,This is the description of Movie 783.,2019
Movie 784,"Adventure, Romance",8.5,Director 34,This is the description of Movie 784.,2017
Movie 785,"Horror, Romance",8.5,Director 35,This is the description of Movie 785.,2015
Movie 786,Sci-Fi,6.3,Director 36,This is the description of Movie 786.,1997
Movie 787,"Action, Adventure",6.6,Director 37,This is the description of Movie 787.,1997
Movie 788,Drama,8.1,Director 38,This is the description of Movie 788.,2000
Movie 789,Sci-Fi,8.0,Director 39,This is the description of Movie 789.,2006
Movie 790,Horror,8.8,Director 40,This is the description of Movie 790.,2004
Movie 791,"Horror, Romance",7.8,Director 41,This is the description of Movie 791.,2010
Movie 792,Adventure,8.1,Director 42,This is the description of Movie 792.,2010
Movie 793,"Romance, Comedy",7.0,Director 43,This is the description of Movie 793.,2014
Movie 794,"Drama, Adventure",7.3,Director 44,This is the description of Movie 794.,1997
Movie 795,"Romance, Horror",8.5,Director 45,This is the description of Movie 795.,2007
Movie 796,Adventure,6.2,Director 46,This is the description of Movie 796.,1996
Movie 797,Action,8.8,Director 47,This is the description of Movie 797.,2020
Movie 798,"Thriller, Romance",7.4,Director 48,This is the description of Movie 798.,2013
Movie 799,"Drama, Sci-Fi",6.7,Director 49,This is the description of Movie 799.,2015
Movie 800,"Horror, Romance",9.1,Director 0,This is the description of Movie 800.,2020
Movie 801,"Romance, Comedy",9.1,Director 1,This is the description of Movie 801.,2006
Movie 802,Horror,7.0,Director 2,This is the description of Movie 802.,2011
Movie 803,Sci-Fi,9.0,Director 3,This is the description of Movie 803.,2020
Movie 804,"Action, Adventure",8.3,Director 4,This is the description of Movie 804.,2015
Movie 805,"Drama, Sci-Fi",7.8,Director 5,This is the description of Movie 805.,2010
Movie 806,Sci-Fi,9.2,Director 6,This is the description of Movie 806.,2008
Movie 807,Comedy,8.7,Director 7,This is the description of Movie 807.,1999
Movie 808,"Action, Adventure",7.1,Director 8,This is the description of Movie 808.,1998
Movie 809,Action,9.5,Director 9,This is the description of Movie 809.,1992
Movie 810,"Romance, Drama",9.0,Director 10,This is the description of Movie 810.,1998
Movie 811,"Action, Thriller",6.2,Director 11,This is the description of Movie 811.,2004
Movie 812,Romance,8.2,Director 12,This is the description of Movie 812.,2001
Movie 813,Romance,8.4,Director 13,This is the description of Movie 813.,1993
Movie 814,"Sci-Fi, Comedy",8.3,Director 14,This is the description of Movie 814.,2014
Movie 815,Comedy,7.0,Director 15,This is the description of Movie 815.,2008
Movie 816,Drama,8.7,Director 16,This is the description of Movie 816.,2006
Movie 817,"Drama, Action",9.4,Director 17,This is the description of Movie 817.,2016
Movie 818,"Adventure, Action",7.2,Director 18,This is the description of Movie 818.,1991
Movie 819,"Sci-Fi, Comedy",7.8,Director 19,This is the description of Movie 819.,2022
Movie 820,"Sci-Fi, Adventure",8.3,Director 20,This is the description of Movie 820.,2022
Movie 821,"Adventure, Horror",6.2,Director 21,This is the description of Movie 821.,1997
Movie 822,"Sci-Fi, Thriller",6.2,Director 22,This is the description of Movie 822.,2022
Movie 823,Sci-Fi,8.9,Director 23,This is the description of Movie 823.,2015
Movie 824,Sci-Fi,7.2,Director 24,This is the description of Movie 824.,2009
Movie 825,Romance,7.3,Director 25,This is the description of Movie 825.,2019
Movie 826,Romance,8.0,Director 26,This is the description of Movie 826.,2001
Movie 827,"Drama, Horror",8.7,Director 27,This is the description of Movie 827.,2013
Movie 828,Romance,8.8,Director 28,This is the description of Movie 828.,1991
Movie 829,Comedy,6.3,Director 29,This is the description of Movie 829.,1991
Movie 830,Sci-Fi,6.7,Director 30,This is the description of Movie 830.,2015
Movie 831,"Comedy, Drama",8.3,Director 31,This is the description of Movie 831.,1996
Movie 832,Adventure,7.9,Director 32,This is the description of Movie 832.,2006
Movie 833,Action,9.4,Director 33,This is the description of Movie 833.,2003
Movie 834,"Action, Adventure",6.8,Director 34,This is the description of Movie 834.,2000
Movie 835,Action,8.1,Director 35,This is the description of Movie 835.,2009
Movie 836,"Romance, Comedy",8.1,Director 36,This is the description of Movie 836.,2008
Movie 837,Romance,8.9,Director 37,This is the description of Movie 837.,1996
Movie 838,"Romance, Thriller",6.7,Director 38,This is the description of Movie 838.,1991
Movie 839,"Thriller, Action",8.2,Director 39,This is the description of Movie 839.,1996
Movie 840,Comedy,6.2,Director 40,This is the description of Movie 840.,2002
Movie 841,"Comedy, Romance",7.6,Director 41,This is the description of Movie 841.,2001
Movie 842,Horror,7.2,Director 42,This is the description of Movie 842.,1991
Movie 843,"Sci-Fi, Action",8.0,Director 43,This is the description of Movie 843.,2010
Movie 844,"Horror, Thriller",6.6,Director 44,This is the description of Movie 844.,2021
Movie 845,Adventure,8.4,Director 45,This is the description of Movie 845.,1997
Movie 846,"Comedy, Adventure",6.7,Director 46,This is the description of Movie 846.,2017
Movie 847,"Sci-Fi, Adventure",7.2,Director 47,This is the description of Movie 847.,2012
Movie 848,Thriller,6.8,Director 48,This is the description of Movie 848.,1990
Movie 849,"Thriller, Action",6.0,Director 49,This is the description of Movie 849.,2018
Movie 850,"Comedy, Sci-Fi",9.4,Director 0,This is the description of Movie 850.,1999
Movie 851,"Thriller, Drama",6.7,Director 1,This is the description of Movie 851.,2010
Movie 852,"Horror, Romance",8.5,Director 2,This is the description of Movie 852.,1990
Movie 853,"Drama, Comedy",8.5,Director 3,This is the description of Movie 853.,2012
Movie 854,"Drama, Comedy",9.4,Director 4,This is the description of Movie 854.,1994
Movie 855,"Sci-Fi, Drama",9.4,Director 5,This is the description of Movie 855.,2015
Movie 856,Romance,8.6,Director 6,This is the description of Movie 856.,1994
Movie 857,"Horror, Action",9.4,Director 7,This is the description of Movie 857.,1996
Movie 858,"Action, Thriller",8.0,Director 8,This is the description of Movie 858.,2021
Movie 859,"Horror, Romance",6.7,Director 9,This is the description of Movie 859.,2016
Movie 860,"Romance, Comedy",8.0,Director 10,This is the description of Movie 860.,2018
Movie 861,Action,7.2,Director 11,This is the description of Movie 861.,1991
Movie 862,Horror,6.3,Director 12,This is the description of Movie 862.,1999
Movie 863,Sci-Fi,7.6,Director 13,This is the description of Movie 863.,2009
Movie 864,Sci-Fi,8.1,Director 14,This is the description of Movie 864.,2010
Movie 865,"Drama, Sci-Fi",8.9,Director 15,This is the description of Movie 865.,2021
Movie 866,"Romance, Sci-Fi",6.8,Director 16,This is the description of Movie 866.,2005
Movie 867,Thriller,6.5,Director 17,This is the description of Movie 867.,2017
Movie 868,Action,8.3,Director 18,This is the description of Movie 868.,2005
Movie 869,Drama,7.2,Director 19,This is the description of Movie 869.,2007
Movie 870,"Drama, Action",6.0,Director 20,This is the description of Movie 870.,2001
Movie 871,"Romance, Sci-Fi",7.3,Director 21,This is the description of Movie 871.,2015
Movie 872,"Romance, Adventure",9.2,Director 22,This is the description of Movie 872.,1995
Movie 873,Romance,9.1,Director 23,This is the description of Movie 873.,2022
Movie 874,Action,7.9,Director 24,This is the description of Movie 874.,2012
Movie 875,Drama,8.6,Director 25,This is the description of Movie 875.,2023
Movie 876,Comedy,6.8,Director 26,This is the description of Movie 876.,2015
Movie 877,"Romance, Thriller",6.5,Director 27,This is the description of Movie 877.,2005
Movie 878,Thriller,9.4,Director 28,This is the description of Movie 878.,2013
Movie 879,Romance,9.5,Director 29,This is the description of Movie 879.,2005
Movie 880,"Thriller, Sci-Fi",8.0,Director 30,This is the description of Movie 880.,2004
Movie 881,Drama,6.7,Director 31,This is the description of Movie 881.,2007
Movie 882,Horror,8.5,Director 32,This is the description of Movie 882.,2003
Movie 883,Romance,6.1,Director 33,This is the description of Movie 883.,2010
Movie 884,"Action, Romance",8.0,Director 34,This is the description of Movie 884.,2016
Movie 885,"Sci-Fi, Adventure",7.7,Director 35,This is the description of Movie 885.,1990
Movie 886,Romance,6.3,Director 36,This is the description of Movie 886.,2008
Movie 887,Horror,8.3,Director 37,This is the description of Movie 887.,2006
Movie 888,"Adventure, Comedy",6.7,Director 38,This is the description of Movie 888.,1994
Movie 889,Sci-Fi,6.5,Director 39,This is the description of Movie 889.,2023
Movie 890,Horror,7.1,Director 40,This is the description of Movie 890.,2023
Movie 891,Action,7.5,Director 41,This is the description of Movie 891.,2022
Movie 892,Comedy,6.4,Director 42,This is the description of Movie 892.,2008
Movie 893,Adventure,8.2,Director 43,This is the description of Movie 893.,2017
Movie 894,"Comedy, Drama",9.0,Director 44,This is the description of Movie 894.,2023
Movie 895,Comedy,6.3,Director 45,This is the description of Movie 895.,2021
Movie 896,Drama,8.4,Director 46,This is the description of Movie 896.,1991
Movie 897,"Action, Sci-Fi",6.1,Director 47,This is the description of Movie 897.,1992
Movie 898,"Comedy, Sci-Fi",8.1,Director 48,This is the description of Movie 898.,2001
Movie 899,Adventure,7.1,Director 49,This is the description of Movie 899.,2006
Movie 900,"Romance, Adventure",8.0,Director 0,This is the description of Movie 900.,2021
Movie 901,"Horror, Action",8.8,Director 1,This is the description of Movie 901.,1996
Movie 902,"Romance, Thriller",6.8,Director 2,This is the description of Movie 902.,2010
Movie 903,Action,8.6,Director 3,This is the description of Movie 903.,2007
Movie 904,"Romance, Sci-Fi",7.8,Director 4,This is the description of Movie 904.,2009
Movie 905,Horror,6.7,Director 5,This is the description of Movie 905.,2022
Movie 906,"Adventure, Sci-Fi",6.5,Director 6,This is the description of Movie 906.,2016
Movie 907,Horror,8.2,Director 7,This is the description of Movie 907.,1998
Movie 908,"Horror, Sci-Fi",8.1,Director 8,This is the description of Movie 908.,2002
Movie 909,Drama,7.4,Director 9,This is the description of Movie 909.,2007
Movie 910,"Romance, Adventure",8.3,Director 10,This is the description of Movie 910.,2004
Movie 911,"Comedy, Drama",6.5,Director 11,This is the description of Movie 911.,2016
Movie 912,Drama,6.9,Director 12,This is the description of Movie 912.,1993
Movie 913,Drama,9.5,Director 13,This is the description of Movie 913.,1997
Movie 914,Drama,7.6,Director 14,This is the description of Movie 914.,2018
Movie 915,"Action, Horror",6.3,Director 15,This is the description of Movie 915.,2006
Movie 916,"Comedy, Romance",7.6,Director 16,This is the description of Movie 916.,1994
Movie 917,"Horror, Adventure",6.2,Director 17,This is the description of Movie 917.,2019
Movie 918,"Sci-Fi, Adventure",8.6,Director 18,This is the description of Movie 918.,2005
Movie 919,Drama,7.5,Director 19,This is the description of Movie 919.,2014
Movie 920,"Drama, Sci-Fi",8.8,Director 20,This is the description of Movie 920.,2017
Movie 921,Horror,8.7,Director 21,This is the description of Movie 921.,1995
Movie 922,Sci-Fi,7.4,Director 22,This is the description of Movie 922.,2015
Movie 923,Sci-Fi,8.0,Director 23,This is the description of Movie 923.,2006
Movie 924,Sci-Fi,7.0,Director 24,This is the description of Movie 924.,2000
Movie 925,Comedy,8.2,Director 25,This is the description of Movie 925.,1996
Movie 926,Romance,6.2,Director 26,This is the description of Movie 926.,1995
Movie 927,Horror,8.6,Director 27,This is the description of Movie 927.,1994
Movie 928,"Thriller, Comedy",9.1,Director 28,This is the description of Movie 928.,2008
Movie 929,"Sci-Fi, Comedy",8.4,Director 29,This is the description of Movie 929.,2013
Movie 930,"Action, Drama",8.2,Director 30,This is the description of Movie 930.,2006
Movie 931,"Sci-Fi, Thriller",6.2,Director 31,This is the description of Movie 931.,2014
Movie 932,Horror,6.7,Director 32,This is the description of Movie 932.,2003
Movie 933,"Sci-Fi, Drama",6.9,Director 33,This is the description of Movie 933.,2012
Movie 934,"Romance, Thriller",6.9,Director 34,This is the description of Movie 934.,2020
Movie 935,Action,9.0,Director 35,This is the description of Movie 935.,2000
Movie 936,"Adventure, Drama",8.5,Director 36,This is the description of Movie 936.,2013
Movie 937,"Thriller, Adventure",8.8,Director 37,This is the description of Movie 937.,1997
Movie 938,Comedy,7.0,Director 38,This is the description of Movie 938.,1998
Movie 939,"Horror, Romance",8.9,Director 39,This is the description of Movie 939.,2022
Movie 940,Sci-Fi,8.0,Director 40,This is the description of Movie 940.,2000
Movie 941,Action,6.3,Director 41,This is the description of Movie 941.,1992
Movie 942,"Sci-Fi, Horror",8.9,Director 42,This is the description of Movie 942.,2014
Movie 943,"Thriller, Horror",8.3,Director 43,This is the description of Movie 943.,1990
Movie 944,Horror,7.5,Director 44,This is the description of Movie 944.,2001
Movie 945,Action,7.6,Director 45,This is the description of Movie 945.,2004
Movie 946,"Adventure, Horror",8.7,Director 46,This is the description of Movie 946.,1991
Movie 947,Action,6.7,Director 47,This is the description of Movie 947.,2023
Movie 948,"Adventure, Horror",8.4,Director 48,This is the description of Movie 948.,1993
Movie 949,Horror,6.2,Director 49,This is the description of Movie 949.,2008
Movie 950,Romance,7.7,Director 0,This is the description of Movie 950.,1991
Movie 951,"Sci-Fi, Action",8.9,Director 1,This is the description of Movie 951.,2011
Movie 952,"Drama, Thriller",6.5,Director 2,This is the description of Movie 952.,2009
Movie 953,Romance,7.6,Director 3,This is the description of Movie 953.,2016
Movie 954,Comedy,8.9,Director 4,This is the description of Movie 954.,1998
Movie 955,Sci-Fi,9.3,Director 5,This is the description of Movie 955.,2007
Movie 956,"Horror, Sci-Fi",7.2,Director 6,This is the description of Movie 956.,2006
Movie 957,"Thriller, Horror",6.8,Director 7,This is the description of Movie 957.,2020
Movie 958,Sci-Fi,9.1,Director 8,This is the description of Movie 958.,2014
Movie 959,Comedy,8.3,Director 9,This is the description of Movie 959.,2022
Movie 960,"Adventure, Drama",8.6,Director 10,This is the description of Movie 960.,2015
Movie 961,"Drama, Romance",6.6,Director 11,This is the description of Movie 961.,2012
Movie 962,"Romance, Thriller",7.8,Director 12,This is the description of Movie 962.,2009
Movie 963,"Thriller, Sci-Fi",6.1,Director 13,This is the description of Movie 963.,1993
Movie 964,"Romance, Drama",6.7,Director 14,This is the description of Movie 964.,2006
Movie 965,"Sci-Fi, Romance",7.2,Director 15,This is the description of Movie 965.,2005
Movie 966,"Adventure, Horror",6.5,Director 16,This is the description of Movie 966.,2002
Movie 967,Comedy,9.2,Director 17,This is the description of Movie 967.,1995
Movie 968,Thriller,6.7,Director 18,This is the description of Movie 968.,1990
Movie 969,"Comedy, Drama",6.8,Director 19,This is the description of Movie 969.,2015
Movie 970,"Comedy, Romance",6.5,Director 20,This is the description of Movie 970.,1998
Movie 971,"Comedy, Sci-Fi",9.0,Director 21,This is the description of Movie 971.,1992
Movie 972,"Horror, Comedy",8.8,Director 22,This is the description of Movie 972.,2020
Movie 973,Horror,7.7,Director 23,This is the description of Movie 973.,2006
Movie 974,"Sci-Fi, Romance",8.4,Director 24,This is the description of Movie 974.,2004
Movie 975,"Action, Comedy",7.2,Director 25,This is the description of Movie 975.,1990
Movie 976,Drama,8.4,Director 26,This is the description of Movie 976.,2013
Movie 977,Horror,6.1,Director 27,This is the description of Movie 977.,2000
Movie 978,"Adventure, Horror",9.4,Director 28,This is the description of Movie 978.,2015
Movie 979,"Romance, Action",8.9,Director 29,This is the description of Movie 979.,2011
Movie 980,"Adventure, Romance",6.9,Director 30,This is the description of Movie 980.,2017
Movie 981,"Romance, Sci-Fi",9.4,Director 31,This is the description of Movie 981.,2023
Movie 982,Horror,8.7,Director 32,This is the description of Movie 982.,2011
Movie 983,Romance,6.2,Director 33,This is the description of Movie 983.,1998
Movie 984,"Romance, Thriller",9.3,Director 34,This is the description of Movie 984.,2016
Movie 985,"Comedy, Action",6.0,Director 35,This is the description of Movie 985.,2011
Movie 986,"Adventure, Romance",6.8,Director 36,This is the description of Movie 986.,1993
Movie 987,Adventure,8.3,Director 37,This is the description of Movie 987.,2005
Movie 988,"Action, Drama",8.2,Director 38,This is the description of Movie 988.,2012
Movie 989,Comedy,8.9,Director 39,This is the description of Movie 989.,1995
Movie 990,"Romance, Comedy",8.1,Director 40,This is the description of Movie 990.,2015
Movie 991,Adventure,8.9,Director 41,This is the description of Movie 991.,2012
Movie 992,"Comedy, Horror",7.6,Director 42,This is the description of Movie 992.,2019
Movie 993,Sci-Fi,8.3,Director 43,This is the description of Movie 993.,2001
Movie 994,Sci-Fi,6.4,Director 44,This is the description of Movie 994.,1991
Movie 995,Horror,7.9,Director 45,This is the description of Movie 995.,1996
Movie 996,Adventure,7.2,Director 46,This is the description of Movie 996.,2009
Movie 997,Action,8.8,Director 47,This is the description of Movie 997.,1997
Movie 998,Drama,9.4,Director 48,This is the description of Movie 998.,1997
Movie 999,"Drama, Sci-Fi",6.1,Director 49,This is the description of Movie 999.,2002
Movie 1000,"Thriller, Adventure",8.4,Director 0,This is the description of Movie 1000.,1999
